Date,Close
6/29/2010 16:00:00,23.89
6/30/2010 16:00:00,23.83
7/1/2010 16:00:00,21.96
7/2/2010 16:00:00,19.2
7/6/2010 16:00:00,16.11
7/7/2010 16:00:00,15.8
7/8/2010 16:00:00,17.46
7/9/2010 16:00:00,17.4
7/12/2010 16:00:00,17.05
7/13/2010 16:00:00,18.14
7/14/2010 16:00:00,19.84
7/15/2010 16:00:00,19.89
7/16/2010 16:00:00,20.64
7/19/2010 16:00:00,21.91
7/20/2010 16:00:00,20.3
7/21/2010 16:00:00,20.22
7/22/2010 16:00:00,21
7/23/2010 16:00:00,21.29
7/26/2010 16:00:00,20.95
7/27/2010 16:00:00,20.55
7/28/2010 16:00:00,20.72
7/29/2010 16:00:00,20.35
7/30/2010 16:00:00,19.94
8/2/2010 16:00:00,20.92
8/3/2010 16:00:00,21.95
8/4/2010 16:00:00,21.26
8/5/2010 16:00:00,20.45
8/6/2010 16:00:00,19.59
8/9/2010 16:00:00,19.6
8/10/2010 16:00:00,19.03
8/11/2010 16:00:00,17.9
8/12/2010 16:00:00,17.6
8/13/2010 16:00:00,18.32
8/16/2010 16:00:00,18.78
8/17/2010 16:00:00,19.15
8/18/2010 16:00:00,18.77
8/19/2010 16:00:00,18.79
8/20/2010 16:00:00,19.1
8/23/2010 16:00:00,20.13
8/24/2010 16:00:00,19.2
8/25/2010 16:00:00,19.9
8/26/2010 16:00:00,19.75
8/27/2010 16:00:00,19.7
8/30/2010 16:00:00,19.87
8/31/2010 16:00:00,19.48
9/1/2010 16:00:00,20.45
9/2/2010 16:00:00,21.06
9/3/2010 16:00:00,21.05
9/7/2010 16:00:00,20.54
9/8/2010 16:00:00,20.9
9/9/2010 16:00:00,20.71
9/10/2010 16:00:00,20.17
9/13/2010 16:00:00,20.72
9/14/2010 16:00:00,21.12
9/15/2010 16:00:00,21.98
9/16/2010 16:00:00,20.94
9/17/2010 16:00:00,20.23
9/20/2010 16:00:00,21.06
9/21/2010 16:00:00,20.77
9/22/2010 16:00:00,19.87
9/23/2010 16:00:00,19.56
9/24/2010 16:00:00,20.1
9/27/2010 16:00:00,20.53
9/28/2010 16:00:00,21.4
9/29/2010 16:00:00,21.98
9/30/2010 16:00:00,20.41
10/1/2010 16:00:00,20.6
10/4/2010 16:00:00,20.99
10/5/2010 16:00:00,21.12
10/6/2010 16:00:00,20.39
10/7/2010 16:00:00,20.43
10/8/2010 16:00:00,20.43
10/11/2010 16:00:00,20.24
10/12/2010 16:00:00,20.24
10/13/2010 16:00:00,20.54
10/14/2010 16:00:00,20.75
10/15/2010 16:00:00,20.54
10/18/2010 16:00:00,20.23
10/19/2010 16:00:00,20.05
10/20/2010 16:00:00,20.65
10/21/2010 16:00:00,20.75
10/22/2010 16:00:00,20.72
10/25/2010 16:00:00,20.85
10/26/2010 16:00:00,21.36
10/27/2010 16:00:00,21
10/28/2010 16:00:00,21.19
10/29/2010 16:00:00,21.84
11/1/2010 16:00:00,21.41
11/2/2010 16:00:00,21.25
11/3/2010 16:00:00,21.77
11/4/2010 16:00:00,24.9
11/5/2010 16:00:00,24.44
11/8/2010 16:00:00,24.98
11/9/2010 16:00:00,24.63
11/10/2010 16:00:00,29.36
11/11/2010 16:00:00,28.04
11/12/2010 16:00:00,29.84
11/15/2010 16:00:00,30.8
11/16/2010 16:00:00,29.67
11/17/2010 16:00:00,29.49
11/18/2010 16:00:00,29.89
11/19/2010 16:00:00,30.99
11/22/2010 16:00:00,33.4
11/23/2010 16:00:00,34.57
11/24/2010 16:00:00,35.47
11/26/2010 16:00:00,35.32
11/29/2010 16:00:00,34.33
11/30/2010 16:00:00,35.33
12/1/2010 16:00:00,34.35
12/2/2010 16:00:00,32.35
12/3/2010 16:00:00,31.49
12/6/2010 16:00:00,30.31
12/7/2010 16:00:00,31.56
12/8/2010 16:00:00,32.37
12/9/2010 16:00:00,32.05
12/10/2010 16:00:00,31.52
12/13/2010 16:00:00,30.55
12/14/2010 16:00:00,28.53
12/15/2010 16:00:00,29.6
12/16/2010 16:00:00,30.81
12/17/2010 16:00:00,31.36
12/20/2010 16:00:00,31.7
12/21/2010 16:00:00,32.26
12/22/2010 16:00:00,32.63
12/23/2010 16:00:00,30.09
12/27/2010 16:00:00,25.55
12/28/2010 16:00:00,26.41
12/29/2010 16:00:00,27.73
12/30/2010 16:00:00,26.5
12/31/2010 16:00:00,26.63
1/3/2011 16:00:00,26.62
1/4/2011 16:00:00,26.67
1/5/2011 16:00:00,26.83
1/6/2011 16:00:00,27.88
1/7/2011 16:00:00,28.24
1/10/2011 16:00:00,28.45
1/11/2011 16:00:00,26.96
1/12/2011 16:00:00,26.96
1/13/2011 16:00:00,26.22
1/14/2011 16:00:00,25.75
1/18/2011 16:00:00,25.64
1/19/2011 16:00:00,24.03
1/20/2011 16:00:00,22.62
1/21/2011 16:00:00,23.04
1/24/2011 16:00:00,24.49
1/25/2011 16:00:00,24.68
1/26/2011 16:00:00,24.75
1/27/2011 16:00:00,24.92
1/28/2011 16:00:00,24.01
1/31/2011 16:00:00,24.1
2/1/2011 16:00:00,23.91
2/2/2011 16:00:00,23.94
2/3/2011 16:00:00,23.63
2/4/2011 16:00:00,23.46
2/7/2011 16:00:00,23.07
2/8/2011 16:00:00,24.49
2/9/2011 16:00:00,23.21
2/10/2011 16:00:00,23.22
2/11/2011 16:00:00,23.25
2/14/2011 16:00:00,23.08
2/15/2011 16:00:00,22.84
2/16/2011 16:00:00,24.73
2/17/2011 16:00:00,23.6
2/18/2011 16:00:00,23.18
2/22/2011 16:00:00,21.87
2/23/2011 16:00:00,21.83
2/24/2011 16:00:00,22.53
2/25/2011 16:00:00,23.61
2/28/2011 16:00:00,23.89
3/1/2011 16:00:00,23.94
3/2/2011 16:00:00,24.02
3/3/2011 16:00:00,24.36
3/4/2011 16:00:00,24.95
3/7/2011 16:00:00,24.94
3/8/2011 16:00:00,24.66
3/9/2011 16:00:00,24.72
3/10/2011 16:00:00,24.01
3/11/2011 16:00:00,24.07
3/14/2011 16:00:00,23.25
3/15/2011 16:00:00,22.95
3/16/2011 16:00:00,22.82
3/17/2011 16:00:00,22.81
3/18/2011 16:00:00,22.96
3/21/2011 16:00:00,22.73
3/22/2011 16:00:00,22.19
3/23/2011 16:00:00,22.21
3/24/2011 16:00:00,22.33
3/25/2011 16:00:00,22.75
3/28/2011 16:00:00,23.25
3/29/2011 16:00:00,23.92
3/30/2011 16:00:00,23.71
3/31/2011 16:00:00,27.75
4/1/2011 16:00:00,26.66
4/4/2011 16:00:00,25.83
4/5/2011 16:00:00,26.7
4/6/2011 16:00:00,26.49
4/7/2011 16:00:00,27.24
4/8/2011 16:00:00,26.49
4/11/2011 16:00:00,25.27
4/12/2011 16:00:00,24.65
4/13/2011 16:00:00,24.93
4/14/2011 16:00:00,25.14
4/15/2011 16:00:00,25.58
4/18/2011 16:00:00,25.03
4/19/2011 16:00:00,25.16
4/20/2011 16:00:00,25.75
4/21/2011 16:00:00,26.74
4/25/2011 16:00:00,26.39
4/26/2011 16:00:00,26.93
4/27/2011 16:00:00,27.08
4/28/2011 16:00:00,27.66
4/29/2011 16:00:00,27.6
5/2/2011 16:00:00,27.45
5/3/2011 16:00:00,26.87
5/4/2011 16:00:00,26.69
5/5/2011 16:00:00,26.44
5/6/2011 16:00:00,27.12
5/9/2011 16:00:00,27.91
5/10/2011 16:00:00,28.33
5/11/2011 16:00:00,27.07
5/12/2011 16:00:00,27.67
5/13/2011 16:00:00,27.55
5/16/2011 16:00:00,26.6
5/17/2011 16:00:00,25.96
5/18/2011 16:00:00,26.35
5/19/2011 16:00:00,28.2
5/20/2011 16:00:00,27.97
5/23/2011 16:00:00,26.82
5/24/2011 16:00:00,26.72
5/25/2011 16:00:00,28.98
5/26/2011 16:00:00,29.48
5/27/2011 16:00:00,29.55
5/31/2011 16:00:00,30.14
6/1/2011 16:00:00,28.52
6/2/2011 16:00:00,28.76
6/3/2011 16:00:00,30.13
6/6/2011 16:00:00,28.7
6/7/2011 16:00:00,28.37
6/8/2011 16:00:00,27.12
6/9/2011 16:00:00,27.62
6/10/2011 16:00:00,27.86
6/13/2011 16:00:00,28.43
6/14/2011 16:00:00,28.6
6/15/2011 16:00:00,27.32
6/16/2011 16:00:00,26.5
6/17/2011 16:00:00,26.5
6/20/2011 16:00:00,26.01
6/21/2011 16:00:00,27.53
6/22/2011 16:00:00,27.21
6/23/2011 16:00:00,27.71
6/24/2011 16:00:00,27.57
6/27/2011 16:00:00,27.46
6/28/2011 16:00:00,28.11
6/29/2011 16:00:00,28.29
6/30/2011 16:00:00,29.13
7/1/2011 16:00:00,29.02
7/5/2011 16:00:00,29.14
7/6/2011 16:00:00,28.96
7/7/2011 16:00:00,29.73
7/8/2011 16:00:00,28.81
7/11/2011 16:00:00,28.35
7/12/2011 16:00:00,28.17
7/13/2011 16:00:00,28.64
7/14/2011 16:00:00,27.61
7/15/2011 16:00:00,27.58
7/18/2011 16:00:00,27.23
7/19/2011 16:00:00,27.89
7/20/2011 16:00:00,28.69
7/21/2011 16:00:00,28.7
7/22/2011 16:00:00,29.29
7/25/2011 16:00:00,28.49
7/26/2011 16:00:00,28
7/27/2011 16:00:00,27.64
7/28/2011 16:00:00,28.17
7/29/2011 16:00:00,28.17
8/1/2011 16:00:00,28.77
8/2/2011 16:00:00,27.34
8/3/2011 16:00:00,27.2
8/4/2011 16:00:00,24.75
8/5/2011 16:00:00,24.24
8/8/2011 16:00:00,23.64
8/9/2011 16:00:00,25.06
8/10/2011 16:00:00,23.82
8/11/2011 16:00:00,25.3
8/12/2011 16:00:00,26.31
8/15/2011 16:00:00,26.23
8/16/2011 16:00:00,26.1
8/17/2011 16:00:00,25.83
8/18/2011 16:00:00,24.26
8/19/2011 16:00:00,22.3
8/22/2011 16:00:00,21.95
8/23/2011 16:00:00,22.96
8/24/2011 16:00:00,23.87
8/25/2011 16:00:00,23.11
8/26/2011 16:00:00,23.73
8/29/2011 16:00:00,24.71
8/30/2011 16:00:00,24.63
8/31/2011 16:00:00,24.74
9/1/2011 16:00:00,24
9/2/2011 16:00:00,23.07
9/6/2011 16:00:00,22.94
9/7/2011 16:00:00,23.84
9/8/2011 16:00:00,23.61
9/9/2011 16:00:00,22.97
9/12/2011 16:00:00,22.88
9/13/2011 16:00:00,24.08
9/14/2011 16:00:00,24.34
9/15/2011 16:00:00,24.82
9/16/2011 16:00:00,25.8
9/19/2011 16:00:00,25.77
9/20/2011 16:00:00,26.01
9/21/2011 16:00:00,25.85
9/22/2011 16:00:00,25.63
9/23/2011 16:00:00,26.38
9/26/2011 16:00:00,25.52
9/27/2011 16:00:00,26.19
9/28/2011 16:00:00,24.59
9/29/2011 16:00:00,24.12
9/30/2011 16:00:00,24.39
10/3/2011 16:00:00,23.73
10/4/2011 16:00:00,23.66
10/5/2011 16:00:00,25.37
10/6/2011 16:00:00,26.96
10/7/2011 16:00:00,26.99
10/10/2011 16:00:00,27.88
10/11/2011 16:00:00,27.61
10/12/2011 16:00:00,27.8
10/13/2011 16:00:00,27.94
10/14/2011 16:00:00,28.05
10/17/2011 16:00:00,27.42
10/18/2011 16:00:00,28.34
10/19/2011 16:00:00,27.57
10/20/2011 16:00:00,27.34
10/21/2011 16:00:00,28.03
10/24/2011 16:00:00,28.55
10/25/2011 16:00:00,28.25
10/26/2011 16:00:00,27.98
10/27/2011 16:00:00,28.76
10/28/2011 16:00:00,29.87
10/31/2011 16:00:00,29.37
11/1/2011 16:00:00,28.88
11/2/2011 16:00:00,28.71
11/3/2011 16:00:00,32.46
11/4/2011 16:00:00,32.31
11/7/2011 16:00:00,31.27
11/8/2011 16:00:00,31.84
11/9/2011 16:00:00,30.88
11/10/2011 16:00:00,31.33
11/11/2011 16:00:00,33.64
11/14/2011 16:00:00,33.22
11/15/2011 16:00:00,33.93
11/16/2011 16:00:00,34.94
11/17/2011 16:00:00,33.68
11/18/2011 16:00:00,32.6
11/21/2011 16:00:00,31.76
11/22/2011 16:00:00,32.07
11/23/2011 16:00:00,31.45
11/25/2011 16:00:00,31.66
11/28/2011 16:00:00,32.56
11/29/2011 16:00:00,31.75
11/30/2011 16:00:00,32.74
12/1/2011 16:00:00,32.6
12/2/2011 16:00:00,33.3
12/5/2011 16:00:00,34.42
12/6/2011 16:00:00,34.87
12/7/2011 16:00:00,34.19
12/8/2011 16:00:00,30.89
12/9/2011 16:00:00,31.04
12/12/2011 16:00:00,30.41
12/13/2011 16:00:00,29.45
12/14/2011 16:00:00,28.53
12/15/2011 16:00:00,28.62
12/16/2011 16:00:00,28
12/19/2011 16:00:00,27.75
12/20/2011 16:00:00,27.9
12/21/2011 16:00:00,27.57
12/22/2011 16:00:00,27.77
12/23/2011 16:00:00,27.9
12/27/2011 16:00:00,28.57
12/28/2011 16:00:00,28.51
12/29/2011 16:00:00,28.73
12/30/2011 16:00:00,28.56
1/3/2012 16:00:00,28.08
1/4/2012 16:00:00,27.71
1/5/2012 16:00:00,27.12
1/6/2012 16:00:00,26.91
1/9/2012 16:00:00,27.25
1/10/2012 16:00:00,27.62
1/11/2012 16:00:00,28.23
1/12/2012 16:00:00,28.25
1/13/2012 16:00:00,22.79
1/17/2012 16:00:00,26.6
1/18/2012 16:00:00,26.81
1/19/2012 16:00:00,26.76
1/20/2012 16:00:00,26.6
1/23/2012 16:00:00,26.77
1/24/2012 16:00:00,27.42
1/25/2012 16:00:00,27.97
1/26/2012 16:00:00,28.94
1/27/2012 16:00:00,29.33
1/30/2012 16:00:00,29.57
1/31/2012 16:00:00,29.07
2/1/2012 16:00:00,29.58
2/2/2012 16:00:00,30.25
2/3/2012 16:00:00,31.15
2/6/2012 16:00:00,31.8
2/7/2012 16:00:00,31.6
2/8/2012 16:00:00,31.93
2/9/2012 16:00:00,32.58
2/10/2012 16:00:00,31.1
2/13/2012 16:00:00,31.49
2/14/2012 16:00:00,33.17
2/15/2012 16:00:00,33.6
2/16/2012 16:00:00,34.18
2/17/2012 16:00:00,34.97
2/21/2012 16:00:00,34.5
2/22/2012 16:00:00,34.22
2/23/2012 16:00:00,34.53
2/24/2012 16:00:00,33.75
2/27/2012 16:00:00,33.62
2/28/2012 16:00:00,33.81
2/29/2012 16:00:00,33.41
3/1/2012 16:00:00,34.41
3/2/2012 16:00:00,34.04
3/5/2012 16:00:00,33.77
3/6/2012 16:00:00,33.11
3/7/2012 16:00:00,33.12
3/8/2012 16:00:00,33.07
3/9/2012 16:00:00,34.74
3/12/2012 16:00:00,36.01
3/13/2012 16:00:00,36.09
3/14/2012 16:00:00,35.29
3/15/2012 16:00:00,35
3/16/2012 16:00:00,35.32
3/19/2012 16:00:00,34.98
3/20/2012 16:00:00,34.96
3/21/2012 16:00:00,35.15
3/22/2012 16:00:00,34.4
3/23/2012 16:00:00,34.08
3/26/2012 16:00:00,37.4
3/27/2012 16:00:00,37.94
3/28/2012 16:00:00,37.85
3/29/2012 16:00:00,37.33
3/30/2012 16:00:00,37.24
4/2/2012 16:00:00,36.58
4/3/2012 16:00:00,38.01
4/4/2012 16:00:00,35
4/5/2012 16:00:00,34.48
4/9/2012 16:00:00,33.15
4/10/2012 16:00:00,32.46
4/11/2012 16:00:00,33.09
4/12/2012 16:00:00,33.44
4/13/2012 16:00:00,33.59
4/16/2012 16:00:00,32.25
4/17/2012 16:00:00,32.24
4/18/2012 16:00:00,32.66
4/19/2012 16:00:00,33.16
4/20/2012 16:00:00,33.16
4/23/2012 16:00:00,31.94
4/24/2012 16:00:00,31.82
4/25/2012 16:00:00,32.91
4/26/2012 16:00:00,33.49
4/27/2012 16:00:00,33.34
4/30/2012 16:00:00,33.13
5/1/2012 16:00:00,33.78
5/2/2012 16:00:00,33.94
5/3/2012 16:00:00,32.46
5/4/2012 16:00:00,31.83
5/7/2012 16:00:00,32.47
5/8/2012 16:00:00,30.19
5/9/2012 16:00:00,30.06
5/10/2012 16:00:00,32.96
5/11/2012 16:00:00,32.25
5/14/2012 16:00:00,30.06
5/15/2012 16:00:00,29.43
5/16/2012 16:00:00,29.18
5/17/2012 16:00:00,28.57
5/18/2012 16:00:00,27.56
5/21/2012 16:00:00,28.77
5/22/2012 16:00:00,30.79
5/23/2012 16:00:00,31.02
5/24/2012 16:00:00,30.32
5/25/2012 16:00:00,29.81
5/29/2012 16:00:00,31.69
5/30/2012 16:00:00,30.41
5/31/2012 16:00:00,29.5
6/1/2012 16:00:00,28.15
6/4/2012 16:00:00,27.88
6/5/2012 16:00:00,27.91
6/6/2012 16:00:00,29.22
6/7/2012 16:00:00,28.93
6/8/2012 16:00:00,30.08
6/11/2012 16:00:00,29.12
6/12/2012 16:00:00,29.66
6/13/2012 16:00:00,29.77
6/14/2012 16:00:00,29.39
6/15/2012 16:00:00,29.91
6/18/2012 16:00:00,31.84
6/19/2012 16:00:00,32.09
6/20/2012 16:00:00,33.78
6/21/2012 16:00:00,32.19
6/22/2012 16:00:00,33.78
6/25/2012 16:00:00,33.11
6/26/2012 16:00:00,31.61
6/27/2012 16:00:00,31.96
6/28/2012 16:00:00,31.41
6/29/2012 16:00:00,31.29
7/2/2012 16:00:00,30.4
7/3/2012 16:00:00,30.66
7/5/2012 16:00:00,31.23
7/6/2012 16:00:00,30.99
7/9/2012 16:00:00,31.49
7/10/2012 16:00:00,31.27
7/11/2012 16:00:00,31.51
7/12/2012 16:00:00,32.7
7/13/2012 16:00:00,34.25
7/16/2012 16:00:00,35.96
7/17/2012 16:00:00,33.35
7/18/2012 16:00:00,32.15
7/19/2012 16:00:00,32.27
7/20/2012 16:00:00,31.79
7/23/2012 16:00:00,30.66
7/24/2012 16:00:00,29.84
7/25/2012 16:00:00,28.95
7/26/2012 16:00:00,28.13
7/27/2012 16:00:00,29.51
7/30/2012 16:00:00,27.35
7/31/2012 16:00:00,27.42
8/1/2012 16:00:00,26.25
8/2/2012 16:00:00,26.1
8/3/2012 16:00:00,27.27
8/6/2012 16:00:00,28.27
8/7/2012 16:00:00,30.25
8/8/2012 16:00:00,29.09
8/9/2012 16:00:00,29.41
8/10/2012 16:00:00,29.94
8/13/2012 16:00:00,31.17
8/14/2012 16:00:00,29.42
8/15/2012 16:00:00,29.4
8/16/2012 16:00:00,30.3
8/17/2012 16:00:00,30.01
8/20/2012 16:00:00,29.51
8/21/2012 16:00:00,29.11
8/22/2012 16:00:00,29.95
8/23/2012 16:00:00,30.73
8/24/2012 16:00:00,29.5
8/27/2012 16:00:00,28.32
8/28/2012 16:00:00,28.69
8/29/2012 16:00:00,28.41
8/30/2012 16:00:00,28.41
8/31/2012 16:00:00,28.52
9/4/2012 16:00:00,28.14
9/5/2012 16:00:00,27.94
9/6/2012 16:00:00,28.55
9/7/2012 16:00:00,29.35
9/10/2012 16:00:00,27.37
9/11/2012 16:00:00,27.8
9/12/2012 16:00:00,28.28
9/13/2012 16:00:00,29.48
9/14/2012 16:00:00,30.39
9/17/2012 16:00:00,32.54
9/18/2012 16:00:00,31.34
9/19/2012 16:00:00,31.05
9/20/2012 16:00:00,30.9
9/21/2012 16:00:00,30.02
9/24/2012 16:00:00,30.66
9/25/2012 16:00:00,27.66
9/26/2012 16:00:00,27.54
9/27/2012 16:00:00,28.49
9/28/2012 16:00:00,29.28
10/1/2012 16:00:00,29.16
10/2/2012 16:00:00,29.8
10/3/2012 16:00:00,29.3
10/4/2012 16:00:00,29.4
10/5/2012 16:00:00,28.89
10/8/2012 16:00:00,29.25
10/9/2012 16:00:00,28.37
10/10/2012 16:00:00,28.4
10/11/2012 16:00:00,28.32
10/12/2012 16:00:00,27.64
10/15/2012 16:00:00,27.33
10/16/2012 16:00:00,28.06
10/17/2012 16:00:00,28.82
10/18/2012 16:00:00,28.04
10/19/2012 16:00:00,27.74
10/22/2012 16:00:00,27.85
10/23/2012 16:00:00,28.39
10/24/2012 16:00:00,27.42
10/25/2012 16:00:00,27.52
10/26/2012 16:00:00,27.38
10/31/2012 16:00:00,28.13
11/1/2012 16:00:00,29.25
11/2/2012 16:00:00,28.92
11/5/2012 16:00:00,31.5
11/6/2012 16:00:00,31.15
11/7/2012 16:00:00,31.54
11/8/2012 16:00:00,31.31
11/9/2012 16:00:00,30.32
11/12/2012 16:00:00,31.07
11/13/2012 16:00:00,31.61
11/14/2012 16:00:00,31.38
11/15/2012 16:00:00,30.82
11/16/2012 16:00:00,31.84
11/19/2012 16:00:00,32.92
11/20/2012 16:00:00,33
11/21/2012 16:00:00,32.47
11/23/2012 16:00:00,32.13
11/26/2012 16:00:00,32.27
11/27/2012 16:00:00,32.15
11/28/2012 16:00:00,33.23
11/29/2012 16:00:00,33.69
11/30/2012 16:00:00,33.82
12/3/2012 16:00:00,34.62
12/4/2012 16:00:00,33.9
12/5/2012 16:00:00,33.71
12/6/2012 16:00:00,33.9
12/7/2012 16:00:00,34.17
12/10/2012 16:00:00,34.57
12/11/2012 16:00:00,35.28
12/12/2012 16:00:00,35.26
12/13/2012 16:00:00,33.61
12/14/2012 16:00:00,33.81
12/17/2012 16:00:00,34.4
12/18/2012 16:00:00,34.59
12/19/2012 16:00:00,34.61
12/20/2012 16:00:00,34.43
12/21/2012 16:00:00,34
12/24/2012 16:00:00,34.28
12/26/2012 16:00:00,33.59
12/27/2012 16:00:00,33.69
12/28/2012 16:00:00,33.22
12/31/2012 16:00:00,33.87
1/2/2013 16:00:00,35.36
1/3/2013 16:00:00,34.77
1/4/2013 16:00:00,34.4
1/7/2013 16:00:00,34.34
1/8/2013 16:00:00,33.68
1/9/2013 16:00:00,33.64
1/10/2013 16:00:00,33.53
1/11/2013 16:00:00,32.91
1/14/2013 16:00:00,33.26
1/15/2013 16:00:00,33.9
1/16/2013 16:00:00,34.1
1/17/2013 16:00:00,34.38
1/18/2013 16:00:00,34.52
1/22/2013 16:00:00,35.19
1/23/2013 16:00:00,36
1/24/2013 16:00:00,36.99
1/25/2013 16:00:00,36.98
1/28/2013 16:00:00,38.03
1/29/2013 16:00:00,37.95
1/30/2013 16:00:00,37.52
1/31/2013 16:00:00,37.51
2/1/2013 16:00:00,38.3
2/4/2013 16:00:00,37.74
2/5/2013 16:00:00,38.13
2/6/2013 16:00:00,39.17
2/7/2013 16:00:00,39.48
2/8/2013 16:00:00,39.24
2/11/2013 16:00:00,38.42
2/12/2013 16:00:00,37.89
2/13/2013 16:00:00,38.45
2/14/2013 16:00:00,38.3
2/15/2013 16:00:00,37.04
2/19/2013 16:00:00,39.28
2/20/2013 16:00:00,38.54
2/21/2013 16:00:00,35.16
2/22/2013 16:00:00,36.11
2/25/2013 16:00:00,34.38
2/26/2013 16:00:00,34.43
2/27/2013 16:00:00,35.1
2/28/2013 16:00:00,34.83
3/1/2013 16:00:00,34.65
3/4/2013 16:00:00,35.58
3/5/2013 16:00:00,36.65
3/6/2013 16:00:00,37.69
3/7/2013 16:00:00,38.23
3/8/2013 16:00:00,38.47
3/11/2013 16:00:00,39.1
3/12/2013 16:00:00,39.12
3/13/2013 16:00:00,38.98
3/14/2013 16:00:00,36.85
3/15/2013 16:00:00,35.29
3/18/2013 16:00:00,35.15
3/19/2013 16:00:00,35.08
3/20/2013 16:00:00,35.95
3/21/2013 16:00:00,36.01
3/22/2013 16:00:00,36.62
3/25/2013 16:00:00,37.53
3/26/2013 16:00:00,37.86
3/27/2013 16:00:00,38.16
3/28/2013 16:00:00,37.89
4/1/2013 16:00:00,43.93
4/2/2013 16:00:00,44.34
4/3/2013 16:00:00,41.1
4/4/2013 16:00:00,42.01
4/5/2013 16:00:00,41.37
4/8/2013 16:00:00,41.83
4/9/2013 16:00:00,40.5
4/10/2013 16:00:00,41.86
4/11/2013 16:00:00,43.59
4/12/2013 16:00:00,43.75
4/15/2013 16:00:00,43.3
4/16/2013 16:00:00,45.59
4/17/2013 16:00:00,45.45
4/18/2013 16:00:00,46.97
4/19/2013 16:00:00,47.83
4/22/2013 16:00:00,50.19
4/23/2013 16:00:00,51.01
4/24/2013 16:00:00,50.43
4/25/2013 16:00:00,52
4/26/2013 16:00:00,51.2
4/29/2013 16:00:00,54.94
4/30/2013 16:00:00,53.99
5/1/2013 16:00:00,53.28
5/2/2013 16:00:00,54.11
5/3/2013 16:00:00,54.55
5/6/2013 16:00:00,59.5
5/7/2013 16:00:00,55.51
5/8/2013 16:00:00,55.79
5/9/2013 16:00:00,69.4
5/10/2013 16:00:00,76.76
5/13/2013 16:00:00,87.8
5/14/2013 16:00:00,83.24
5/15/2013 16:00:00,84.84
5/16/2013 16:00:00,92.25
5/17/2013 16:00:00,91.5
5/20/2013 16:00:00,89.94
5/21/2013 16:00:00,87.59
5/22/2013 16:00:00,87.24
5/23/2013 16:00:00,92.73
5/24/2013 16:00:00,97.08
5/28/2013 16:00:00,110.33
5/29/2013 16:00:00,104.63
5/30/2013 16:00:00,104.95
5/31/2013 16:00:00,97.76
6/3/2013 16:00:00,92.59
6/4/2013 16:00:00,94.84
6/5/2013 16:00:00,95.37
6/6/2013 16:00:00,97.35
6/7/2013 16:00:00,102.04
6/10/2013 16:00:00,100.05
6/11/2013 16:00:00,94.47
6/12/2013 16:00:00,97.73
6/13/2013 16:00:00,98.18
6/14/2013 16:00:00,100.3
6/17/2013 16:00:00,102.2
6/18/2013 16:00:00,103.39
6/19/2013 16:00:00,104.68
6/20/2013 16:00:00,100.65
6/21/2013 16:00:00,99.55
6/24/2013 16:00:00,101.49
6/25/2013 16:00:00,102.4
6/26/2013 16:00:00,105.72
6/27/2013 16:00:00,109.25
6/28/2013 16:00:00,107.36
7/1/2013 16:00:00,117.18
7/2/2013 16:00:00,117.82
7/3/2013 16:00:00,115.24
7/5/2013 16:00:00,120.09
7/8/2013 16:00:00,121.61
7/9/2013 16:00:00,123.45
7/10/2013 16:00:00,122.27
7/11/2013 16:00:00,125.61
7/12/2013 16:00:00,129.9
7/15/2013 16:00:00,127.26
7/16/2013 16:00:00,109.05
7/17/2013 16:00:00,120.25
7/18/2013 16:00:00,119.03
7/19/2013 16:00:00,119.68
7/22/2013 16:00:00,122.43
7/23/2013 16:00:00,122.74
7/24/2013 16:00:00,121.7
7/25/2013 16:00:00,124.07
7/26/2013 16:00:00,129.39
7/29/2013 16:00:00,134.62
7/30/2013 16:00:00,131.74
7/31/2013 16:00:00,134.28
8/1/2013 16:00:00,135.55
8/2/2013 16:00:00,138
8/5/2013 16:00:00,144.68
8/6/2013 16:00:00,142.15
8/7/2013 16:00:00,134.23
8/8/2013 16:00:00,153.48
8/9/2013 16:00:00,153
8/12/2013 16:00:00,147.38
8/13/2013 16:00:00,145.43
8/14/2013 16:00:00,139.36
8/15/2013 16:00:00,139.67
8/16/2013 16:00:00,142
8/19/2013 16:00:00,144.9
8/20/2013 16:00:00,149.58
8/21/2013 16:00:00,147.86
8/22/2013 16:00:00,157.1
8/23/2013 16:00:00,161.84
8/26/2013 16:00:00,164.22
8/27/2013 16:00:00,167.01
8/28/2013 16:00:00,166.45
8/29/2013 16:00:00,166.06
8/30/2013 16:00:00,169
9/3/2013 16:00:00,168.94
9/4/2013 16:00:00,170.62
9/5/2013 16:00:00,169.93
9/6/2013 16:00:00,166.97
9/9/2013 16:00:00,160.7
9/10/2013 16:00:00,166.37
9/11/2013 16:00:00,163.52
9/12/2013 16:00:00,164.93
9/13/2013 16:00:00,165.54
9/16/2013 16:00:00,166.58
9/17/2013 16:00:00,166.23
9/18/2013 16:00:00,166.22
9/19/2013 16:00:00,177.92
9/20/2013 16:00:00,183.39
9/23/2013 16:00:00,181.11
9/24/2013 16:00:00,182.33
9/25/2013 16:00:00,185.24
9/26/2013 16:00:00,188.64
9/27/2013 16:00:00,190.9
9/30/2013 16:00:00,193.37
10/1/2013 16:00:00,193
10/2/2013 16:00:00,180.95
10/3/2013 16:00:00,173.31
10/4/2013 16:00:00,180.98
10/7/2013 16:00:00,183.07
10/8/2013 16:00:00,174.73
10/9/2013 16:00:00,168.78
10/10/2013 16:00:00,172.93
10/11/2013 16:00:00,178.7
10/14/2013 16:00:00,179.72
10/15/2013 16:00:00,183.94
10/16/2013 16:00:00,183.56
10/17/2013 16:00:00,182.8
10/18/2013 16:00:00,183.4
10/21/2013 16:00:00,172.6
10/22/2013 16:00:00,171.54
10/23/2013 16:00:00,164.5
10/24/2013 16:00:00,173.15
10/25/2013 16:00:00,169.66
10/28/2013 16:00:00,162.86
10/29/2013 16:00:00,164.47
10/30/2013 16:00:00,159.22
10/31/2013 16:00:00,159.94
11/1/2013 16:00:00,162.17
11/4/2013 16:00:00,175.2
11/5/2013 16:00:00,176.81
11/6/2013 16:00:00,151.16
11/7/2013 16:00:00,139.77
11/8/2013 16:00:00,137.95
11/11/2013 16:00:00,144.7
11/12/2013 16:00:00,137.8
11/13/2013 16:00:00,138.7
11/14/2013 16:00:00,137.6
11/15/2013 16:00:00,135.45
11/18/2013 16:00:00,121.58
11/19/2013 16:00:00,126.09
11/20/2013 16:00:00,121.11
11/21/2013 16:00:00,122.1
11/22/2013 16:00:00,121.38
11/25/2013 16:00:00,120.84
11/26/2013 16:00:00,120.5
11/27/2013 16:00:00,126.94
11/29/2013 16:00:00,127.28
12/2/2013 16:00:00,124.17
12/3/2013 16:00:00,144.7
12/4/2013 16:00:00,138.95
12/5/2013 16:00:00,140.48
12/6/2013 16:00:00,137.36
12/9/2013 16:00:00,141.6
12/10/2013 16:00:00,142.19
12/11/2013 16:00:00,139.65
12/12/2013 16:00:00,147.47
12/13/2013 16:00:00,147.65
12/16/2013 16:00:00,147.94
12/17/2013 16:00:00,152.46
12/18/2013 16:00:00,147.98
12/19/2013 16:00:00,140.72
12/20/2013 16:00:00,143.24
12/23/2013 16:00:00,143.55
12/24/2013 16:00:00,151.41
12/26/2013 16:00:00,155.5
12/27/2013 16:00:00,151.12
12/30/2013 16:00:00,152.44
12/31/2013 16:00:00,150.43
1/2/2014 16:00:00,150.1
1/3/2014 16:00:00,149.56
1/6/2014 16:00:00,147
1/7/2014 16:00:00,149.36
1/8/2014 16:00:00,151.28
1/9/2014 16:00:00,147.53
1/10/2014 16:00:00,145.72
1/13/2014 16:00:00,139.34
1/14/2014 16:00:00,161.27
1/15/2014 16:00:00,164.13
1/16/2014 16:00:00,170.97
1/17/2014 16:00:00,170.01
1/21/2014 16:00:00,176.68
1/22/2014 16:00:00,178.56
1/23/2014 16:00:00,181.5
1/24/2014 16:00:00,174.6
1/27/2014 16:00:00,169.62
1/28/2014 16:00:00,178.38
1/29/2014 16:00:00,175.23
1/30/2014 16:00:00,182.84
1/31/2014 16:00:00,181.41
2/3/2014 16:00:00,177.11
2/4/2014 16:00:00,178.73
2/5/2014 16:00:00,174.42
2/6/2014 16:00:00,178.38
2/7/2014 16:00:00,186.53
2/10/2014 16:00:00,196.56
2/11/2014 16:00:00,196.62
2/12/2014 16:00:00,195.32
2/13/2014 16:00:00,199.63
2/14/2014 16:00:00,198.23
2/18/2014 16:00:00,203.7
2/19/2014 16:00:00,193.64
2/20/2014 16:00:00,209.97
2/21/2014 16:00:00,209.6
2/24/2014 16:00:00,217.65
2/25/2014 16:00:00,248
2/26/2014 16:00:00,253
2/27/2014 16:00:00,252.54
2/28/2014 16:00:00,244.81
3/3/2014 16:00:00,250.56
3/4/2014 16:00:00,254.84
3/5/2014 16:00:00,252.66
3/6/2014 16:00:00,252.94
3/7/2014 16:00:00,246.21
3/10/2014 16:00:00,238.84
3/11/2014 16:00:00,234.41
3/12/2014 16:00:00,241.49
3/13/2014 16:00:00,237.79
3/14/2014 16:00:00,230.97
3/17/2014 16:00:00,233.98
3/18/2014 16:00:00,240.04
3/19/2014 16:00:00,235.84
3/20/2014 16:00:00,234.91
3/21/2014 16:00:00,228.89
3/24/2014 16:00:00,220.17
3/25/2014 16:00:00,220.44
3/26/2014 16:00:00,212.96
3/27/2014 16:00:00,207.32
3/28/2014 16:00:00,212.37
3/31/2014 16:00:00,208.45
4/1/2014 16:00:00,216.97
4/2/2014 16:00:00,230.29
4/3/2014 16:00:00,225.4
4/4/2014 16:00:00,212.23
4/7/2014 16:00:00,207.52
4/8/2014 16:00:00,215.46
4/9/2014 16:00:00,216.93
4/10/2014 16:00:00,204.19
4/11/2014 16:00:00,203.78
4/14/2014 16:00:00,198.09
4/15/2014 16:00:00,193.91
4/16/2014 16:00:00,199.11
4/17/2014 16:00:00,198.12
4/21/2014 16:00:00,204.38
4/22/2014 16:00:00,218.64
4/23/2014 16:00:00,207.99
4/24/2014 16:00:00,207.86
4/25/2014 16:00:00,199.85
4/28/2014 16:00:00,198.51
4/29/2014 16:00:00,206.92
4/30/2014 16:00:00,207.89
5/1/2014 16:00:00,207.73
5/2/2014 16:00:00,210.91
5/5/2014 16:00:00,216.61
5/6/2014 16:00:00,207.28
5/7/2014 16:00:00,201.35
5/8/2014 16:00:00,178.59
5/9/2014 16:00:00,182.26
5/12/2014 16:00:00,184.67
5/13/2014 16:00:00,190.16
5/14/2014 16:00:00,190.62
5/15/2014 16:00:00,188.59
5/16/2014 16:00:00,191.56
5/19/2014 16:00:00,196.09
5/20/2014 16:00:00,195.3
5/21/2014 16:00:00,199.45
5/22/2014 16:00:00,204.88
5/23/2014 16:00:00,207.3
5/27/2014 16:00:00,211.56
5/28/2014 16:00:00,210.24
5/29/2014 16:00:00,210.24
5/30/2014 16:00:00,207.77
6/2/2014 16:00:00,204.7
6/3/2014 16:00:00,204.94
6/4/2014 16:00:00,203.99
6/5/2014 16:00:00,206.9
6/6/2014 16:00:00,208.17
6/9/2014 16:00:00,205.31
6/10/2014 16:00:00,202.3
6/11/2014 16:00:00,204.47
6/12/2014 16:00:00,203.52
6/13/2014 16:00:00,206.42
6/16/2014 16:00:00,224.61
6/17/2014 16:00:00,231.67
6/18/2014 16:00:00,227.12
6/19/2014 16:00:00,227.79
6/20/2014 16:00:00,229.59
6/23/2014 16:00:00,237.22
6/24/2014 16:00:00,232.5
6/25/2014 16:00:00,236.89
6/26/2014 16:00:00,235.6
6/27/2014 16:00:00,239.06
6/30/2014 16:00:00,240.06
7/1/2014 16:00:00,239.72
7/2/2014 16:00:00,229.43
7/3/2014 16:00:00,229.25
7/7/2014 16:00:00,222.66
7/8/2014 16:00:00,219.07
7/9/2014 16:00:00,223.06
7/10/2014 16:00:00,219.46
7/11/2014 16:00:00,218.13
7/14/2014 16:00:00,226.7
7/15/2014 16:00:00,219.58
7/16/2014 16:00:00,217.16
7/17/2014 16:00:00,215.4
7/18/2014 16:00:00,220.02
7/21/2014 16:00:00,220.54
7/22/2014 16:00:00,219.58
7/23/2014 16:00:00,222.49
7/24/2014 16:00:00,223.54
7/25/2014 16:00:00,223.57
7/28/2014 16:00:00,224.82
7/29/2014 16:00:00,225.01
7/30/2014 16:00:00,228.92
7/31/2014 16:00:00,223.3
8/1/2014 16:00:00,233.27
8/4/2014 16:00:00,238.52
8/5/2014 16:00:00,238.49
8/6/2014 16:00:00,248.93
8/7/2014 16:00:00,252.39
8/8/2014 16:00:00,248.13
8/11/2014 16:00:00,259.32
8/12/2014 16:00:00,259.96
8/13/2014 16:00:00,260.31
8/14/2014 16:00:00,261.38
8/15/2014 16:00:00,262.01
8/18/2014 16:00:00,259.94
8/19/2014 16:00:00,256.76
8/20/2014 16:00:00,255.71
8/21/2014 16:00:00,254.34
8/22/2014 16:00:00,256.78
8/25/2014 16:00:00,262.55
8/26/2014 16:00:00,261.74
8/27/2014 16:00:00,263.25
8/28/2014 16:00:00,263.86
8/29/2014 16:00:00,269.7
9/2/2014 16:00:00,284.12
9/3/2014 16:00:00,281.19
9/4/2014 16:00:00,286.04
9/5/2014 16:00:00,277.39
9/8/2014 16:00:00,282.11
9/9/2014 16:00:00,278.48
9/10/2014 16:00:00,281.1
9/11/2014 16:00:00,280.31
9/12/2014 16:00:00,279.2
9/15/2014 16:00:00,253.86
9/16/2014 16:00:00,260.74
9/17/2014 16:00:00,261.38
9/18/2014 16:00:00,263.82
9/19/2014 16:00:00,259.32
9/22/2014 16:00:00,250.03
9/23/2014 16:00:00,250.41
9/24/2014 16:00:00,252.14
9/25/2014 16:00:00,246.95
9/26/2014 16:00:00,246.6
9/29/2014 16:00:00,245.26
9/30/2014 16:00:00,242.68
10/1/2014 16:00:00,240.24
10/2/2014 16:00:00,251.42
10/3/2014 16:00:00,255.21
10/6/2014 16:00:00,260.62
10/7/2014 16:00:00,259.57
10/8/2014 16:00:00,259.28
10/9/2014 16:00:00,257.01
10/10/2014 16:00:00,236.91
10/13/2014 16:00:00,224.59
10/14/2014 16:00:00,227.06
10/15/2014 16:00:00,229.7
10/16/2014 16:00:00,226.35
10/17/2014 16:00:00,227.48
10/20/2014 16:00:00,230.47
10/21/2014 16:00:00,235.34
10/22/2014 16:00:00,231.1
10/23/2014 16:00:00,235.29
10/24/2014 16:00:00,235.24
10/27/2014 16:00:00,221.67
10/28/2014 16:00:00,242.77
10/29/2014 16:00:00,238.1
10/30/2014 16:00:00,238.66
10/31/2014 16:00:00,241.7
11/3/2014 16:00:00,242.59
11/4/2014 16:00:00,238.93
11/5/2014 16:00:00,230.97
11/6/2014 16:00:00,241.22
11/7/2014 16:00:00,240.2
11/10/2014 16:00:00,241.93
11/11/2014 16:00:00,251.08
11/12/2014 16:00:00,249.1
11/13/2014 16:00:00,251.7
11/14/2014 16:00:00,258.68
11/17/2014 16:00:00,253.98
11/18/2014 16:00:00,257.7
11/19/2014 16:00:00,247.74
11/20/2014 16:00:00,248.71
11/21/2014 16:00:00,242.78
11/24/2014 16:00:00,246.72
11/25/2014 16:00:00,248.09
11/26/2014 16:00:00,248.44
11/28/2014 16:00:00,244.52
12/1/2014 16:00:00,231.64
12/2/2014 16:00:00,231.43
12/3/2014 16:00:00,229.3
12/4/2014 16:00:00,228.28
12/5/2014 16:00:00,223.71
12/8/2014 16:00:00,214.36
12/9/2014 16:00:00,216.89
12/10/2014 16:00:00,209.84
12/11/2014 16:00:00,208.88
12/12/2014 16:00:00,207
12/15/2014 16:00:00,204.04
12/16/2014 16:00:00,197.81
12/17/2014 16:00:00,205.82
12/18/2014 16:00:00,218.26
12/19/2014 16:00:00,219.29
12/22/2014 16:00:00,222.6
12/23/2014 16:00:00,220.97
12/24/2014 16:00:00,222.26
12/26/2014 16:00:00,227.82
12/29/2014 16:00:00,225.71
12/30/2014 16:00:00,222.23
12/31/2014 16:00:00,222.41
1/2/2015 16:00:00,219.31
1/5/2015 16:00:00,210.09
1/6/2015 16:00:00,211.28
1/7/2015 16:00:00,210.95
1/8/2015 16:00:00,210.62
1/9/2015 16:00:00,206.66
1/12/2015 16:00:00,202.21
1/13/2015 16:00:00,204.25
1/14/2015 16:00:00,192.69
1/15/2015 16:00:00,191.87
1/16/2015 16:00:00,193.07
1/20/2015 16:00:00,191.93
1/21/2015 16:00:00,196.57
1/22/2015 16:00:00,201.62
1/23/2015 16:00:00,201.29
1/26/2015 16:00:00,206.55
1/27/2015 16:00:00,205.98
1/28/2015 16:00:00,199.37
1/29/2015 16:00:00,205.2
1/30/2015 16:00:00,203.6
2/2/2015 16:00:00,210.94
2/3/2015 16:00:00,218.36
2/4/2015 16:00:00,218.55
2/5/2015 16:00:00,220.99
2/6/2015 16:00:00,217.36
2/9/2015 16:00:00,217.48
2/10/2015 16:00:00,216.29
2/11/2015 16:00:00,212.8
2/12/2015 16:00:00,202.88
2/13/2015 16:00:00,203.77
2/17/2015 16:00:00,204.35
2/18/2015 16:00:00,204.46
2/19/2015 16:00:00,211.71
2/20/2015 16:00:00,217.11
2/23/2015 16:00:00,207.34
2/24/2015 16:00:00,204.11
2/25/2015 16:00:00,203.76
2/26/2015 16:00:00,207.19
2/27/2015 16:00:00,203.34
3/2/2015 16:00:00,197.33
3/3/2015 16:00:00,199.56
3/4/2015 16:00:00,202.44
3/5/2015 16:00:00,200.63
3/6/2015 16:00:00,193.88
3/9/2015 16:00:00,190.88
3/10/2015 16:00:00,190.32
3/11/2015 16:00:00,193.74
3/12/2015 16:00:00,191.07
3/13/2015 16:00:00,188.68
3/16/2015 16:00:00,195.7
3/17/2015 16:00:00,194.73
3/18/2015 16:00:00,200.71
3/19/2015 16:00:00,195.65
3/20/2015 16:00:00,198.08
3/23/2015 16:00:00,199.63
3/24/2015 16:00:00,201.72
3/25/2015 16:00:00,194.3
3/26/2015 16:00:00,190.41
3/27/2015 16:00:00,185
3/30/2015 16:00:00,190.57
3/31/2015 16:00:00,188.77
4/1/2015 16:00:00,187.59
4/2/2015 16:00:00,191
4/6/2015 16:00:00,203.1
4/7/2015 16:00:00,203.25
4/8/2015 16:00:00,207.67
4/9/2015 16:00:00,210.09
4/10/2015 16:00:00,210.9
4/13/2015 16:00:00,209.78
4/14/2015 16:00:00,207.46
4/15/2015 16:00:00,207.83
4/16/2015 16:00:00,206.7
4/17/2015 16:00:00,206.79
4/20/2015 16:00:00,205.27
4/21/2015 16:00:00,209.41
4/22/2015 16:00:00,219.44
4/23/2015 16:00:00,218.6
4/24/2015 16:00:00,218.43
4/27/2015 16:00:00,231.55
4/28/2015 16:00:00,230.48
4/29/2015 16:00:00,232.45
4/30/2015 16:00:00,226.05
5/1/2015 16:00:00,226.03
5/4/2015 16:00:00,230.51
5/5/2015 16:00:00,232.95
5/6/2015 16:00:00,230.43
5/7/2015 16:00:00,236.8
5/8/2015 16:00:00,236.61
5/11/2015 16:00:00,239.49
5/12/2015 16:00:00,244.74
5/13/2015 16:00:00,243.18
5/14/2015 16:00:00,244.1
5/15/2015 16:00:00,248.84
5/18/2015 16:00:00,248.75
5/19/2015 16:00:00,247.14
5/20/2015 16:00:00,244.35
5/21/2015 16:00:00,245.62
5/22/2015 16:00:00,247.73
5/26/2015 16:00:00,247.46
5/27/2015 16:00:00,247.43
5/28/2015 16:00:00,251.45
5/29/2015 16:00:00,250.8
6/1/2015 16:00:00,249.45
6/2/2015 16:00:00,248.35
6/3/2015 16:00:00,248.99
6/4/2015 16:00:00,245.92
6/5/2015 16:00:00,249.14
6/8/2015 16:00:00,256.29
6/9/2015 16:00:00,256
6/10/2015 16:00:00,250.7
6/11/2015 16:00:00,251.41
6/12/2015 16:00:00,250.69
6/15/2015 16:00:00,250.38
6/16/2015 16:00:00,253.12
6/17/2015 16:00:00,260.41
6/18/2015 16:00:00,261.89
6/19/2015 16:00:00,262.51
6/22/2015 16:00:00,259.79
6/23/2015 16:00:00,267.67
6/24/2015 16:00:00,265.17
6/25/2015 16:00:00,268.79
6/26/2015 16:00:00,267.09
6/29/2015 16:00:00,262.02
6/30/2015 16:00:00,268.26
7/1/2015 16:00:00,269.15
7/2/2015 16:00:00,280.02
7/6/2015 16:00:00,279.72
7/7/2015 16:00:00,267.88
7/8/2015 16:00:00,254.96
7/9/2015 16:00:00,257.92
7/10/2015 16:00:00,259.15
7/13/2015 16:00:00,262.16
7/14/2015 16:00:00,265.65
7/15/2015 16:00:00,263.14
7/16/2015 16:00:00,266.68
7/17/2015 16:00:00,274.66
7/20/2015 16:00:00,282.26
7/21/2015 16:00:00,266.77
7/22/2015 16:00:00,267.87
7/23/2015 16:00:00,267.2
7/24/2015 16:00:00,265.41
7/27/2015 16:00:00,253.01
7/28/2015 16:00:00,264.82
7/29/2015 16:00:00,263.82
7/30/2015 16:00:00,266.79
7/31/2015 16:00:00,266.15
8/3/2015 16:00:00,259.99
8/4/2015 16:00:00,266.28
8/5/2015 16:00:00,270.13
8/6/2015 16:00:00,246.13
8/7/2015 16:00:00,242.51
8/10/2015 16:00:00,241.14
8/11/2015 16:00:00,237.37
8/12/2015 16:00:00,238.17
8/13/2015 16:00:00,242.51
8/14/2015 16:00:00,243.15
8/17/2015 16:00:00,254.99
8/18/2015 16:00:00,260.72
8/19/2015 16:00:00,255.25
8/20/2015 16:00:00,242.18
8/21/2015 16:00:00,230.77
8/24/2015 16:00:00,218.87
8/25/2015 16:00:00,220.03
8/26/2015 16:00:00,224.84
8/27/2015 16:00:00,242.99
8/28/2015 16:00:00,248.48
8/31/2015 16:00:00,249.06
9/1/2015 16:00:00,238.63
9/2/2015 16:00:00,247.69
9/3/2015 16:00:00,245.57
9/4/2015 16:00:00,241.93
9/8/2015 16:00:00,248.17
9/9/2015 16:00:00,248.91
9/10/2015 16:00:00,248.48
9/11/2015 16:00:00,250.24
9/14/2015 16:00:00,253.19
9/15/2015 16:00:00,253.57
9/16/2015 16:00:00,262.25
9/17/2015 16:00:00,262.07
9/18/2015 16:00:00,260.62
9/21/2015 16:00:00,264.2
9/22/2015 16:00:00,260.94
9/23/2015 16:00:00,261.06
9/24/2015 16:00:00,263.12
9/25/2015 16:00:00,256.91
9/28/2015 16:00:00,248.43
9/29/2015 16:00:00,246.65
9/30/2015 16:00:00,248.4
10/1/2015 16:00:00,239.88
10/2/2015 16:00:00,247.57
10/5/2015 16:00:00,246.15
10/6/2015 16:00:00,241.46
10/7/2015 16:00:00,231.96
10/8/2015 16:00:00,226.72
10/9/2015 16:00:00,220.69
10/12/2015 16:00:00,215.58
10/13/2015 16:00:00,219.25
10/14/2015 16:00:00,216.88
10/15/2015 16:00:00,221.31
10/16/2015 16:00:00,227.01
10/19/2015 16:00:00,228.1
10/20/2015 16:00:00,213.03
10/21/2015 16:00:00,210.09
10/22/2015 16:00:00,211.72
10/23/2015 16:00:00,209.09
10/26/2015 16:00:00,215.26
10/27/2015 16:00:00,210.35
10/28/2015 16:00:00,212.96
10/29/2015 16:00:00,211.63
10/30/2015 16:00:00,206.93
11/2/2015 16:00:00,213.79
11/3/2015 16:00:00,208.35
11/4/2015 16:00:00,231.63
11/5/2015 16:00:00,231.77
11/6/2015 16:00:00,232.36
11/9/2015 16:00:00,225.33
11/10/2015 16:00:00,216.5
11/11/2015 16:00:00,219.08
11/12/2015 16:00:00,212.94
11/13/2015 16:00:00,207.19
11/16/2015 16:00:00,214.31
11/17/2015 16:00:00,214
11/18/2015 16:00:00,221.07
11/19/2015 16:00:00,221.8
11/20/2015 16:00:00,220.01
11/23/2015 16:00:00,217.75
11/24/2015 16:00:00,218.25
11/25/2015 16:00:00,229.64
11/27/2015 16:00:00,231.61
11/30/2015 16:00:00,230.26
12/1/2015 16:00:00,237.19
12/2/2015 16:00:00,231.99
12/3/2015 16:00:00,232.71
12/4/2015 16:00:00,230.38
12/7/2015 16:00:00,231.13
12/8/2015 16:00:00,226.72
12/9/2015 16:00:00,224.52
12/10/2015 16:00:00,227.07
12/11/2015 16:00:00,217.02
12/14/2015 16:00:00,218.58
12/15/2015 16:00:00,221.09
12/16/2015 16:00:00,234.51
12/17/2015 16:00:00,233.39
12/18/2015 16:00:00,230.46
12/21/2015 16:00:00,232.56
12/22/2015 16:00:00,229.95
12/23/2015 16:00:00,229.7
12/24/2015 16:00:00,230.57
12/28/2015 16:00:00,228.95
12/29/2015 16:00:00,237.19
12/30/2015 16:00:00,238.09
12/31/2015 16:00:00,240.01
1/4/2016 16:00:00,223.41
1/5/2016 16:00:00,223.43
1/6/2016 16:00:00,219.04
1/7/2016 16:00:00,215.65
1/8/2016 16:00:00,211
1/11/2016 16:00:00,207.85
1/12/2016 16:00:00,209.97
1/13/2016 16:00:00,200.31
1/14/2016 16:00:00,206.18
1/15/2016 16:00:00,204.99
1/19/2016 16:00:00,204.72
1/20/2016 16:00:00,198.7
1/21/2016 16:00:00,199.97
1/22/2016 16:00:00,202.55
1/25/2016 16:00:00,196.38
1/26/2016 16:00:00,193.56
1/27/2016 16:00:00,188.07
1/28/2016 16:00:00,189.7
1/29/2016 16:00:00,191.2
2/1/2016 16:00:00,196.94
2/2/2016 16:00:00,182.78
2/3/2016 16:00:00,173.48
2/4/2016 16:00:00,175.33
2/5/2016 16:00:00,162.6
2/8/2016 16:00:00,147.99
2/9/2016 16:00:00,148.25
2/10/2016 16:00:00,143.67
2/11/2016 16:00:00,150.47
2/12/2016 16:00:00,151.04
2/16/2016 16:00:00,155.17
2/17/2016 16:00:00,168.68
2/18/2016 16:00:00,166.77
2/19/2016 16:00:00,166.58
2/22/2016 16:00:00,177.74
2/23/2016 16:00:00,177.21
2/24/2016 16:00:00,179
2/25/2016 16:00:00,187.43
2/26/2016 16:00:00,190.34
2/29/2016 16:00:00,191.93
3/1/2016 16:00:00,186.35
3/2/2016 16:00:00,188.34
3/3/2016 16:00:00,195.74
3/4/2016 16:00:00,201.04
3/7/2016 16:00:00,205.29
3/8/2016 16:00:00,202.6
3/9/2016 16:00:00,208.72
3/10/2016 16:00:00,205.18
3/11/2016 16:00:00,207.5
3/14/2016 16:00:00,215.15
3/15/2016 16:00:00,218.34
3/16/2016 16:00:00,221.93
3/17/2016 16:00:00,226.38
3/18/2016 16:00:00,232.74
3/21/2016 16:00:00,238.32
3/22/2016 16:00:00,234.24
3/23/2016 16:00:00,222.58
3/24/2016 16:00:00,227.75
3/28/2016 16:00:00,230.26
3/29/2016 16:00:00,230.13
3/30/2016 16:00:00,226.89
3/31/2016 16:00:00,229.77
4/1/2016 16:00:00,237.59
4/4/2016 16:00:00,246.99
4/5/2016 16:00:00,255.47
4/6/2016 16:00:00,265.42
4/7/2016 16:00:00,257.2
4/8/2016 16:00:00,250.07
4/11/2016 16:00:00,249.92
4/12/2016 16:00:00,247.82
4/13/2016 16:00:00,254.53
4/14/2016 16:00:00,251.86
4/15/2016 16:00:00,254.51
4/18/2016 16:00:00,253.88
4/19/2016 16:00:00,247.37
4/20/2016 16:00:00,249.97
4/21/2016 16:00:00,248.29
4/22/2016 16:00:00,253.75
4/25/2016 16:00:00,251.82
4/26/2016 16:00:00,253.74
4/27/2016 16:00:00,251.47
4/28/2016 16:00:00,247.71
4/29/2016 16:00:00,240.76
5/2/2016 16:00:00,241.8
5/3/2016 16:00:00,232.32
5/4/2016 16:00:00,222.56
5/5/2016 16:00:00,211.53
5/6/2016 16:00:00,214.93
5/9/2016 16:00:00,208.92
5/10/2016 16:00:00,208.69
5/11/2016 16:00:00,208.96
5/12/2016 16:00:00,207.28
5/13/2016 16:00:00,207.61
5/16/2016 16:00:00,208.29
5/17/2016 16:00:00,204.66
5/18/2016 16:00:00,211.17
5/19/2016 16:00:00,215.21
5/20/2016 16:00:00,220.28
5/23/2016 16:00:00,216.22
5/24/2016 16:00:00,217.91
5/25/2016 16:00:00,219.58
5/26/2016 16:00:00,225.12
5/27/2016 16:00:00,223.04
5/31/2016 16:00:00,223.23
6/1/2016 16:00:00,219.56
6/2/2016 16:00:00,218.96
6/3/2016 16:00:00,218.99
6/6/2016 16:00:00,220.68
6/7/2016 16:00:00,232.34
6/8/2016 16:00:00,235.52
6/9/2016 16:00:00,229.36
6/10/2016 16:00:00,218.79
6/13/2016 16:00:00,217.87
6/14/2016 16:00:00,214.96
6/15/2016 16:00:00,217.7
6/16/2016 16:00:00,217.93
6/17/2016 16:00:00,215.47
6/20/2016 16:00:00,219.7
6/21/2016 16:00:00,219.61
6/22/2016 16:00:00,196.66
6/23/2016 16:00:00,196.4
6/24/2016 16:00:00,193.15
6/27/2016 16:00:00,198.55
6/28/2016 16:00:00,201.79
6/29/2016 16:00:00,210.19
6/30/2016 16:00:00,212.28
7/1/2016 16:00:00,216.5
7/5/2016 16:00:00,213.98
7/6/2016 16:00:00,214.44
7/7/2016 16:00:00,215.94
7/8/2016 16:00:00,216.78
7/11/2016 16:00:00,224.78
7/12/2016 16:00:00,224.65
7/13/2016 16:00:00,222.53
7/14/2016 16:00:00,221.53
7/15/2016 16:00:00,220.4
7/18/2016 16:00:00,226.25
7/19/2016 16:00:00,225.26
7/20/2016 16:00:00,228.36
7/21/2016 16:00:00,220.5
7/22/2016 16:00:00,222.27
7/25/2016 16:00:00,230.01
7/26/2016 16:00:00,229.51
7/27/2016 16:00:00,228.49
7/28/2016 16:00:00,230.61
7/29/2016 16:00:00,234.79
8/1/2016 16:00:00,230.01
8/2/2016 16:00:00,227.2
8/3/2016 16:00:00,225.79
8/4/2016 16:00:00,230.61
8/5/2016 16:00:00,230.03
8/8/2016 16:00:00,226.16
8/9/2016 16:00:00,229.08
8/10/2016 16:00:00,225.65
8/11/2016 16:00:00,224.91
8/12/2016 16:00:00,225.61
8/15/2016 16:00:00,225.59
8/16/2016 16:00:00,223.61
8/17/2016 16:00:00,223.24
8/18/2016 16:00:00,223.51
8/19/2016 16:00:00,225
8/22/2016 16:00:00,222.93
8/23/2016 16:00:00,224.84
8/24/2016 16:00:00,222.62
8/25/2016 16:00:00,220.96
8/26/2016 16:00:00,219.99
8/29/2016 16:00:00,215.2
8/30/2016 16:00:00,211.34
8/31/2016 16:00:00,212.01
9/1/2016 16:00:00,200.77
9/2/2016 16:00:00,197.78
9/6/2016 16:00:00,202.83
9/7/2016 16:00:00,201.71
9/8/2016 16:00:00,197.36
9/9/2016 16:00:00,194.47
9/12/2016 16:00:00,198.3
9/13/2016 16:00:00,196.05
9/14/2016 16:00:00,196.41
9/15/2016 16:00:00,200.42
9/16/2016 16:00:00,205.4
9/19/2016 16:00:00,206.34
9/20/2016 16:00:00,204.64
9/21/2016 16:00:00,205.22
9/22/2016 16:00:00,206.43
9/23/2016 16:00:00,207.45
9/26/2016 16:00:00,208.99
9/27/2016 16:00:00,205.81
9/28/2016 16:00:00,206.27
9/29/2016 16:00:00,200.7
9/30/2016 16:00:00,204.03
10/3/2016 16:00:00,213.7
10/4/2016 16:00:00,211.41
10/5/2016 16:00:00,208.46
10/6/2016 16:00:00,201
10/7/2016 16:00:00,196.61
10/10/2016 16:00:00,200.95
10/11/2016 16:00:00,200.1
10/12/2016 16:00:00,201.51
10/13/2016 16:00:00,200.24
10/14/2016 16:00:00,196.51
10/17/2016 16:00:00,193.96
10/18/2016 16:00:00,199.1
10/19/2016 16:00:00,203.56
10/20/2016 16:00:00,199.1
10/21/2016 16:00:00,200.09
10/24/2016 16:00:00,202.76
10/25/2016 16:00:00,202.34
10/26/2016 16:00:00,202.24
10/27/2016 16:00:00,204.01
10/28/2016 16:00:00,199.97
10/31/2016 16:00:00,197.73
11/1/2016 16:00:00,190.79
11/2/2016 16:00:00,188.02
11/3/2016 16:00:00,187.42
11/4/2016 16:00:00,190.56
11/7/2016 16:00:00,193.21
11/8/2016 16:00:00,194.94
11/9/2016 16:00:00,190.06
11/10/2016 16:00:00,185.35
11/11/2016 16:00:00,188.56
11/14/2016 16:00:00,181.45
11/15/2016 16:00:00,183.77
11/16/2016 16:00:00,183.93
11/17/2016 16:00:00,188.66
11/18/2016 16:00:00,185.02
11/21/2016 16:00:00,184.52
11/22/2016 16:00:00,191.17
11/23/2016 16:00:00,193.14
11/25/2016 16:00:00,196.65
11/28/2016 16:00:00,196.12
11/29/2016 16:00:00,189.57
11/30/2016 16:00:00,189.4
12/1/2016 16:00:00,181.88
12/2/2016 16:00:00,181.47
12/5/2016 16:00:00,186.8
12/6/2016 16:00:00,185.85
12/7/2016 16:00:00,193.15
12/8/2016 16:00:00,192.29
12/9/2016 16:00:00,192.18
12/12/2016 16:00:00,192.43
12/13/2016 16:00:00,198.15
12/14/2016 16:00:00,198.69
12/15/2016 16:00:00,197.58
12/16/2016 16:00:00,202.49
12/19/2016 16:00:00,202.73
12/20/2016 16:00:00,208.79
12/21/2016 16:00:00,207.7
12/22/2016 16:00:00,208.45
12/23/2016 16:00:00,213.34
12/27/2016 16:00:00,219.53
12/28/2016 16:00:00,219.74
12/29/2016 16:00:00,214.68
12/30/2016 16:00:00,213.69
1/3/2017 16:00:00,216.99
1/4/2017 16:00:00,226.99
1/5/2017 16:00:00,226.75
1/6/2017 16:00:00,229.01
1/9/2017 16:00:00,231.28
1/10/2017 16:00:00,229.87
1/11/2017 16:00:00,229.73
1/12/2017 16:00:00,229.59
1/13/2017 16:00:00,237.75
1/17/2017 16:00:00,235.58
1/18/2017 16:00:00,238.36
1/19/2017 16:00:00,243.76
1/20/2017 16:00:00,244.73
1/23/2017 16:00:00,248.92
1/24/2017 16:00:00,254.61
1/25/2017 16:00:00,254.47
1/26/2017 16:00:00,252.51
1/27/2017 16:00:00,252.95
1/30/2017 16:00:00,250.63
1/31/2017 16:00:00,251.93
2/1/2017 16:00:00,249.24
2/2/2017 16:00:00,251.55
2/3/2017 16:00:00,251.33
2/6/2017 16:00:00,257.77
2/7/2017 16:00:00,257.48
2/8/2017 16:00:00,262.08
2/9/2017 16:00:00,269.2
2/10/2017 16:00:00,269.23
2/13/2017 16:00:00,280.6
2/14/2017 16:00:00,280.98
2/15/2017 16:00:00,279.76
2/16/2017 16:00:00,268.95
2/17/2017 16:00:00,272.23
2/21/2017 16:00:00,277.39
2/22/2017 16:00:00,273.51
2/23/2017 16:00:00,255.99
2/24/2017 16:00:00,257
2/27/2017 16:00:00,246.23
2/28/2017 16:00:00,249.99
3/1/2017 16:00:00,250.02
3/2/2017 16:00:00,250.48
3/3/2017 16:00:00,251.57
3/6/2017 16:00:00,251.21
3/7/2017 16:00:00,248.59
3/8/2017 16:00:00,246.87
3/9/2017 16:00:00,244.9
3/10/2017 16:00:00,243.69
3/13/2017 16:00:00,246.17
3/14/2017 16:00:00,258
3/15/2017 16:00:00,255.73
3/16/2017 16:00:00,262.05
3/17/2017 16:00:00,261.5
3/20/2017 16:00:00,261.92
3/21/2017 16:00:00,250.68
3/22/2017 16:00:00,255.01
3/23/2017 16:00:00,254.78
3/24/2017 16:00:00,263.16
3/27/2017 16:00:00,270.22
3/28/2017 16:00:00,277.45
3/29/2017 16:00:00,277.38
3/30/2017 16:00:00,277.92
3/31/2017 16:00:00,278.3
4/3/2017 16:00:00,298.52
4/4/2017 16:00:00,303.7
4/5/2017 16:00:00,295
4/6/2017 16:00:00,298.7
4/7/2017 16:00:00,302.54
4/10/2017 16:00:00,312.39
4/11/2017 16:00:00,308.71
4/12/2017 16:00:00,296.84
4/13/2017 16:00:00,304
4/17/2017 16:00:00,301.44
4/18/2017 16:00:00,300.25
4/19/2017 16:00:00,305.52
4/20/2017 16:00:00,302.51
4/21/2017 16:00:00,305.6
4/24/2017 16:00:00,308.03
4/25/2017 16:00:00,313.79
4/26/2017 16:00:00,310.17
4/27/2017 16:00:00,308.63
4/28/2017 16:00:00,314.07
5/1/2017 16:00:00,322.83
5/2/2017 16:00:00,318.89
5/3/2017 16:00:00,311.02
5/4/2017 16:00:00,295.46
5/5/2017 16:00:00,308.35
5/8/2017 16:00:00,307.19
5/9/2017 16:00:00,321.26
5/10/2017 16:00:00,325.22
5/11/2017 16:00:00,323.1
5/12/2017 16:00:00,324.81
5/15/2017 16:00:00,315.88
5/16/2017 16:00:00,317.01
5/17/2017 16:00:00,306.11
5/18/2017 16:00:00,313.06
5/19/2017 16:00:00,310.83
5/22/2017 16:00:00,310.35
5/23/2017 16:00:00,303.86
5/24/2017 16:00:00,310.22
5/25/2017 16:00:00,316.83
5/26/2017 16:00:00,325.14
5/30/2017 16:00:00,335.1
5/31/2017 16:00:00,341.01
6/1/2017 16:00:00,340.37
6/2/2017 16:00:00,339.85
6/5/2017 16:00:00,347.32
6/6/2017 16:00:00,352.85
6/7/2017 16:00:00,359.65
6/8/2017 16:00:00,370
6/9/2017 16:00:00,357.32
6/12/2017 16:00:00,359.01
6/13/2017 16:00:00,375.95
6/14/2017 16:00:00,380.66
6/15/2017 16:00:00,375.34
6/16/2017 16:00:00,371.4
6/19/2017 16:00:00,369.8
6/20/2017 16:00:00,372.24
6/21/2017 16:00:00,376.4
6/22/2017 16:00:00,382.61
6/23/2017 16:00:00,383.45
6/26/2017 16:00:00,377.49
6/27/2017 16:00:00,362.37
6/28/2017 16:00:00,371.24
6/29/2017 16:00:00,360.75
6/30/2017 16:00:00,361.61
7/3/2017 16:00:00,352.62
7/5/2017 16:00:00,327.09
7/6/2017 16:00:00,308.83
7/7/2017 16:00:00,313.22
7/10/2017 16:00:00,316.05
7/11/2017 16:00:00,327.22
7/12/2017 16:00:00,329.52
7/13/2017 16:00:00,323.41
7/14/2017 16:00:00,327.78
7/17/2017 16:00:00,319.57
7/18/2017 16:00:00,328.24
7/19/2017 16:00:00,325.26
7/20/2017 16:00:00,329.92
7/21/2017 16:00:00,328.4
7/24/2017 16:00:00,342.52
7/25/2017 16:00:00,339.6
7/26/2017 16:00:00,343.85
7/27/2017 16:00:00,334.46
7/28/2017 16:00:00,335.07
7/31/2017 16:00:00,323.47
8/1/2017 16:00:00,319.57
8/2/2017 16:00:00,325.89
8/3/2017 16:00:00,347.09
8/4/2017 16:00:00,356.91
8/7/2017 16:00:00,355.17
8/8/2017 16:00:00,365.22
8/9/2017 16:00:00,363.53
8/10/2017 16:00:00,355.4
8/11/2017 16:00:00,357.87
8/14/2017 16:00:00,363.8
8/15/2017 16:00:00,362.33
8/16/2017 16:00:00,362.91
8/17/2017 16:00:00,351.92
8/18/2017 16:00:00,347.46
8/21/2017 16:00:00,337.86
8/22/2017 16:00:00,341.35
8/23/2017 16:00:00,352.77
8/24/2017 16:00:00,352.93
8/25/2017 16:00:00,348.05
8/28/2017 16:00:00,345.66
8/29/2017 16:00:00,347.36
8/30/2017 16:00:00,353.18
8/31/2017 16:00:00,355.9
9/1/2017 16:00:00,355.4
9/5/2017 16:00:00,349.59
9/6/2017 16:00:00,344.53
9/7/2017 16:00:00,350.61
9/8/2017 16:00:00,343.4
9/11/2017 16:00:00,363.69
9/12/2017 16:00:00,362.75
9/13/2017 16:00:00,366.23
9/14/2017 16:00:00,377.64
9/15/2017 16:00:00,379.81
9/18/2017 16:00:00,385
9/19/2017 16:00:00,375.1
9/20/2017 16:00:00,373.91
9/21/2017 16:00:00,366.48
9/22/2017 16:00:00,351.09
9/25/2017 16:00:00,344.99
9/26/2017 16:00:00,345.25
9/27/2017 16:00:00,340.97
9/28/2017 16:00:00,339.6
9/29/2017 16:00:00,341.1
10/2/2017 16:00:00,341.53
10/3/2017 16:00:00,348.14
10/4/2017 16:00:00,355.01
10/5/2017 16:00:00,355.33
10/6/2017 16:00:00,356.88
10/9/2017 16:00:00,342.94
10/10/2017 16:00:00,355.59
10/11/2017 16:00:00,354.6
10/12/2017 16:00:00,355.68
10/13/2017 16:00:00,355.57
10/16/2017 16:00:00,350.6
10/17/2017 16:00:00,355.75
10/18/2017 16:00:00,359.65
10/19/2017 16:00:00,351.81
10/20/2017 16:00:00,345.1
10/23/2017 16:00:00,337.02
10/24/2017 16:00:00,337.34
10/25/2017 16:00:00,325.84
10/26/2017 16:00:00,326.17
10/27/2017 16:00:00,320.87
10/30/2017 16:00:00,320.08
10/31/2017 16:00:00,331.53
11/1/2017 16:00:00,321.08
11/2/2017 16:00:00,299.26
11/3/2017 16:00:00,306.09
11/6/2017 16:00:00,302.78
11/7/2017 16:00:00,306.05
11/8/2017 16:00:00,304.39
11/9/2017 16:00:00,302.99
11/10/2017 16:00:00,302.99
11/13/2017 16:00:00,315.4
11/14/2017 16:00:00,308.7
11/15/2017 16:00:00,311.3
11/16/2017 16:00:00,312.5
11/17/2017 16:00:00,315.05
11/20/2017 16:00:00,308.74
11/21/2017 16:00:00,317.81
11/22/2017 16:00:00,312.6
11/24/2017 13:00:00,315.55
11/27/2017 16:00:00,316.81
11/28/2017 16:00:00,317.55
11/29/2017 16:00:00,307.54
11/30/2017 16:00:00,308.85
12/1/2017 16:00:00,306.53
12/4/2017 16:00:00,305.2
12/5/2017 16:00:00,303.7
12/6/2017 16:00:00,313.26
12/7/2017 16:00:00,311.24
12/8/2017 16:00:00,315.13
12/11/2017 16:00:00,328.91
12/12/2017 16:00:00,341.03
12/13/2017 16:00:00,339.03
12/14/2017 16:00:00,337.89
12/15/2017 16:00:00,343.45
12/18/2017 16:00:00,338.87
12/19/2017 16:00:00,331.1
12/20/2017 16:00:00,328.98
12/21/2017 16:00:00,331.66
12/22/2017 16:00:00,325.2
12/26/2017 16:00:00,317.29
12/27/2017 16:00:00,311.64
12/28/2017 16:00:00,315.36
12/29/2017 16:00:00,311.35
1/2/2018 16:00:00,320.53
1/3/2018 16:00:00,317.25
1/4/2018 16:00:00,314.62
1/5/2018 16:00:00,316.58
1/8/2018 16:00:00,336.41
1/9/2018 16:00:00,333.69
1/10/2018 16:00:00,334.8
1/11/2018 16:00:00,337.95
1/12/2018 16:00:00,336.22
1/16/2018 16:00:00,340.06
1/17/2018 16:00:00,347.16
1/18/2018 16:00:00,344.57
1/19/2018 16:00:00,350.02
1/22/2018 16:00:00,351.56
1/23/2018 16:00:00,352.79
1/24/2018 16:00:00,345.89
1/25/2018 16:00:00,337.64
1/26/2018 16:00:00,342.85
1/29/2018 16:00:00,349.53
1/30/2018 16:00:00,345.82
1/31/2018 16:00:00,354.31
2/1/2018 16:00:00,349.25
2/2/2018 16:00:00,343.75
2/5/2018 16:00:00,333.13
2/6/2018 16:00:00,333.97
2/7/2018 16:00:00,345
2/8/2018 16:00:00,315.23
2/9/2018 16:00:00,310.42
2/12/2018 16:00:00,315.73
2/13/2018 16:00:00,323.66
2/14/2018 16:00:00,322.31
2/15/2018 16:00:00,334.07
2/16/2018 16:00:00,335.49
2/20/2018 16:00:00,334.77
2/21/2018 16:00:00,333.3
2/22/2018 16:00:00,346.17
2/23/2018 16:00:00,352.05
2/26/2018 16:00:00,357.42
2/27/2018 16:00:00,350.99
2/28/2018 16:00:00,343.06
3/1/2018 16:00:00,330.93
3/2/2018 16:00:00,335.12
3/5/2018 16:00:00,333.35
3/6/2018 16:00:00,328.2
3/7/2018 16:00:00,332.3
3/8/2018 16:00:00,329.1
3/9/2018 16:00:00,327.17
3/12/2018 16:00:00,345.51
3/13/2018 16:00:00,341.84
3/14/2018 16:00:00,326.63
3/15/2018 16:00:00,325.6
3/16/2018 16:00:00,321.35
3/19/2018 16:00:00,313.56
3/20/2018 16:00:00,310.55
3/21/2018 16:00:00,316.53
3/22/2018 16:00:00,309.1
3/23/2018 16:00:00,301.54
3/26/2018 16:00:00,304.18
3/27/2018 16:00:00,279.18
3/28/2018 16:00:00,257.78
3/29/2018 16:00:00,266.13
4/2/2018 16:00:00,252.48
4/3/2018 16:00:00,267.53
4/4/2018 16:00:00,286.94
4/5/2018 16:00:00,305.72
4/6/2018 16:00:00,299.3
4/9/2018 16:00:00,289.66
4/10/2018 16:00:00,304.7
4/11/2018 16:00:00,300.93
4/12/2018 16:00:00,294.08
4/13/2018 16:00:00,300.34
4/16/2018 16:00:00,291.21
4/17/2018 16:00:00,291.21
4/18/2018 16:00:00,293.35
4/19/2018 16:00:00,300.08
4/20/2018 16:00:00,290.24
4/23/2018 16:00:00,283.37
4/24/2018 16:00:00,283.46
4/25/2018 16:00:00,280.69
4/26/2018 16:00:00,285.48
4/27/2018 16:00:00,294.08
4/30/2018 16:00:00,293.9
5/1/2018 16:00:00,299.92
5/2/2018 16:00:00,301.15
5/3/2018 16:00:00,284.45
5/4/2018 16:00:00,294.09
5/7/2018 16:00:00,302.77
5/8/2018 16:00:00,301.97
5/9/2018 16:00:00,306.85
5/10/2018 16:00:00,305.02
5/11/2018 16:00:00,301.06
5/14/2018 16:00:00,291.97
5/15/2018 16:00:00,284.18
5/16/2018 16:00:00,286.48
5/17/2018 16:00:00,284.54
5/18/2018 16:00:00,284.54
5/21/2018 16:00:00,284.49
5/22/2018 16:00:00,275.01
5/23/2018 16:00:00,279.07
5/24/2018 16:00:00,277.85
5/25/2018 16:00:00,278.85
5/29/2018 16:00:00,283.76
5/30/2018 16:00:00,291.72
5/31/2018 16:00:00,284.73
6/1/2018 16:00:00,291.82
6/4/2018 16:00:00,296.74
6/5/2018 16:00:00,291.13
6/6/2018 16:00:00,319.5
6/7/2018 16:00:00,316.09
6/8/2018 16:00:00,317.66
6/11/2018 16:00:00,332.1
6/12/2018 16:00:00,342.77
6/13/2018 16:00:00,344.78
6/14/2018 16:00:00,357.72
6/15/2018 16:00:00,358.17
6/18/2018 16:00:00,370.83
6/19/2018 16:00:00,352.55
6/20/2018 16:00:00,362.22
6/21/2018 16:00:00,347.51
6/22/2018 16:00:00,333.63
6/25/2018 16:00:00,333.01
6/26/2018 16:00:00,342
6/27/2018 16:00:00,344.5
6/28/2018 16:00:00,349.93
6/29/2018 16:00:00,342.95
7/2/2018 16:00:00,335.07
7/3/2018 13:00:00,310.86
7/5/2018 16:00:00,309.16
7/6/2018 16:00:00,308.9
7/9/2018 16:00:00,318.51
7/10/2018 16:00:00,322.47
7/11/2018 16:00:00,318.96
7/12/2018 16:00:00,316.71
7/13/2018 16:00:00,318.87
7/16/2018 16:00:00,310.1
7/17/2018 16:00:00,322.69
7/18/2018 16:00:00,323.85
7/19/2018 16:00:00,320.23
7/20/2018 16:00:00,313.58
7/23/2018 16:00:00,303.2
7/24/2018 16:00:00,297.43
7/25/2018 16:00:00,308.74
7/26/2018 16:00:00,306.65
7/27/2018 16:00:00,297.18
7/30/2018 16:00:00,290.17
7/31/2018 16:00:00,298.14
8/1/2018 16:00:00,300.84
8/2/2018 16:00:00,349.54
8/3/2018 16:00:00,348.17
8/6/2018 16:00:00,341.99
8/7/2018 16:00:00,379.57
8/8/2018 16:00:00,370.34
8/9/2018 16:00:00,352.45
8/10/2018 16:00:00,355.49
8/13/2018 16:00:00,356.41
8/14/2018 16:00:00,347.64
8/15/2018 16:00:00,338.69
8/16/2018 16:00:00,335.45
8/17/2018 16:00:00,305.5
8/20/2018 16:00:00,308.44
8/21/2018 16:00:00,321.9
8/22/2018 16:00:00,321.64
8/23/2018 16:00:00,320.1
8/24/2018 16:00:00,322.82
8/27/2018 16:00:00,319.27
8/28/2018 16:00:00,311.86
8/29/2018 16:00:00,305.01
8/30/2018 16:00:00,303.15
8/31/2018 16:00:00,301.66
9/4/2018 16:00:00,288.95
9/5/2018 16:00:00,280.74
9/6/2018 16:00:00,280.95
9/7/2018 16:00:00,263.24
9/10/2018 16:00:00,285.5
9/11/2018 16:00:00,279.44
9/12/2018 16:00:00,290.54
9/13/2018 16:00:00,289.46
9/14/2018 16:00:00,295.2
9/17/2018 16:00:00,294.84
9/18/2018 16:00:00,284.96
9/19/2018 16:00:00,299.02
9/20/2018 16:00:00,298.33
9/21/2018 16:00:00,299.1
9/24/2018 16:00:00,299.68
9/25/2018 16:00:00,300.99
9/26/2018 16:00:00,309.58
9/27/2018 16:00:00,307.52
9/28/2018 16:00:00,264.77
10/1/2018 16:00:00,310.7
10/2/2018 16:00:00,301.02
10/3/2018 16:00:00,294.8
10/4/2018 16:00:00,281.83
10/5/2018 16:00:00,261.95
10/8/2018 16:00:00,250.56
10/9/2018 16:00:00,262.8
10/10/2018 16:00:00,256.88
10/11/2018 16:00:00,252.23
10/12/2018 16:00:00,258.78
10/15/2018 16:00:00,259.59
10/16/2018 16:00:00,276.59
10/17/2018 16:00:00,271.78
10/18/2018 16:00:00,263.91
10/19/2018 16:00:00,260
10/22/2018 16:00:00,260.95
10/23/2018 16:00:00,294.14
10/24/2018 16:00:00,288.5
10/25/2018 16:00:00,314.86
10/26/2018 16:00:00,330.9
10/29/2018 16:00:00,334.85
10/30/2018 16:00:00,329.9
10/31/2018 16:00:00,337.32
11/1/2018 16:00:00,344.28
11/2/2018 16:00:00,346.41
11/5/2018 16:00:00,341.4
11/6/2018 16:00:00,341.06
11/7/2018 16:00:00,348.16
11/8/2018 16:00:00,351.4
11/9/2018 16:00:00,350.51
11/12/2018 16:00:00,331.28
11/13/2018 16:00:00,338.73
11/14/2018 16:00:00,344
11/15/2018 16:00:00,348.44
11/16/2018 16:00:00,354.31
11/19/2018 16:00:00,353.47
11/20/2018 16:00:00,347.49
11/21/2018 16:00:00,338.19
11/23/2018 13:00:00,325.83
11/26/2018 16:00:00,346
11/27/2018 16:00:00,343.92
11/28/2018 16:00:00,347.87
11/29/2018 16:00:00,341.17
11/30/2018 16:00:00,350.48
12/3/2018 16:00:00,358.49
12/4/2018 16:00:00,359.7
12/6/2018 16:00:00,363.06
12/7/2018 16:00:00,357.97
12/10/2018 16:00:00,365.15
12/11/2018 16:00:00,366.76
12/12/2018 16:00:00,366.6
12/13/2018 16:00:00,376.79
12/14/2018 16:00:00,365.71
12/17/2018 16:00:00,348.42
12/18/2018 16:00:00,337.03
12/19/2018 16:00:00,332.97
12/20/2018 16:00:00,315.38
12/21/2018 16:00:00,319.77
12/24/2018 13:00:00,295.39
12/26/2018 16:00:00,326.09
12/27/2018 16:00:00,316.13
12/28/2018 16:00:00,333.87
12/31/2018 16:00:00,332.8
1/2/2019 16:00:00,310.12
1/3/2019 16:00:00,300.36
1/4/2019 16:00:00,317.69
1/7/2019 16:00:00,334.96
1/8/2019 16:00:00,335.35
1/9/2019 16:00:00,338.53
1/10/2019 16:00:00,344.97
1/11/2019 16:00:00,347.26
1/14/2019 16:00:00,334.4
1/15/2019 16:00:00,344.43
1/16/2019 16:00:00,346.05
1/17/2019 16:00:00,347.31
1/18/2019 16:00:00,302.26
1/22/2019 16:00:00,298.92
1/23/2019 16:00:00,287.59
1/24/2019 16:00:00,291.51
1/25/2019 16:00:00,297.04
1/28/2019 16:00:00,296.38
1/29/2019 16:00:00,297.46
1/30/2019 16:00:00,308.77
1/31/2019 16:00:00,307.02
2/1/2019 16:00:00,312.21
2/4/2019 16:00:00,312.89
2/5/2019 16:00:00,321.35
2/6/2019 16:00:00,317.22
2/7/2019 16:00:00,307.51
2/8/2019 16:00:00,305.8
2/11/2019 16:00:00,312.84
2/12/2019 16:00:00,311.81
2/13/2019 16:00:00,308.17
2/14/2019 16:00:00,303.77
2/15/2019 16:00:00,307.88
2/19/2019 16:00:00,305.64
2/20/2019 16:00:00,302.56
2/21/2019 16:00:00,291.23
2/22/2019 16:00:00,294.71
2/25/2019 16:00:00,298.77
2/26/2019 16:00:00,297.86
2/27/2019 16:00:00,314.74
2/28/2019 16:00:00,319.88
3/1/2019 16:00:00,294.79
3/4/2019 16:00:00,285.36
3/5/2019 16:00:00,276.54
3/6/2019 16:00:00,276.24
3/7/2019 16:00:00,276.59
3/8/2019 16:00:00,284.14
3/11/2019 16:00:00,290.92
3/12/2019 16:00:00,283.36
3/13/2019 16:00:00,288.96
3/14/2019 16:00:00,289.96
3/15/2019 16:00:00,275.43
3/18/2019 16:00:00,269.49
3/19/2019 16:00:00,267.47
3/20/2019 16:00:00,273.6
3/21/2019 16:00:00,274.02
3/22/2019 16:00:00,264.53
3/25/2019 16:00:00,260.42
3/26/2019 16:00:00,267.77
3/27/2019 16:00:00,274.83
3/28/2019 16:00:00,278.62
3/29/2019 16:00:00,279.86
4/1/2019 16:00:00,289.18
4/2/2019 16:00:00,285.88
4/3/2019 16:00:00,291.81
4/4/2019 16:00:00,267.78
4/5/2019 16:00:00,274.96
4/8/2019 16:00:00,273.2
4/9/2019 16:00:00,272.31
4/10/2019 16:00:00,276.06
4/11/2019 16:00:00,268.42
4/12/2019 16:00:00,267.7
4/15/2019 16:00:00,266.38
4/16/2019 16:00:00,273.36
4/17/2019 16:00:00,271.23
4/18/2019 16:00:00,273.26
4/22/2019 16:00:00,262.75
4/23/2019 16:00:00,263.9
4/24/2019 16:00:00,258.66
4/25/2019 16:00:00,247.63
4/26/2019 16:00:00,235.14
4/29/2019 16:00:00,241.47
4/30/2019 16:00:00,238.69
5/1/2019 16:00:00,234.01
5/2/2019 16:00:00,244.1
5/3/2019 16:00:00,255.03
5/6/2019 16:00:00,255.34
5/7/2019 16:00:00,247.06
5/8/2019 16:00:00,244.84
5/9/2019 16:00:00,241.98
5/10/2019 16:00:00,239.52
5/13/2019 16:00:00,227.01
5/14/2019 16:00:00,232.31
5/15/2019 16:00:00,231.95
5/16/2019 16:00:00,228.33
5/17/2019 16:00:00,211.03
5/20/2019 16:00:00,205.36
5/21/2019 16:00:00,205.08
5/22/2019 16:00:00,192.73
5/23/2019 16:00:00,195.49
5/24/2019 16:00:00,190.63
5/28/2019 16:00:00,188.7
5/29/2019 16:00:00,189.86
5/30/2019 16:00:00,188.22
5/31/2019 16:00:00,185.16
6/3/2019 16:00:00,178.97
6/4/2019 16:00:00,193.6
6/5/2019 16:00:00,196.59
6/6/2019 16:00:00,205.95
6/7/2019 16:00:00,204.5
6/10/2019 16:00:00,212.88
6/11/2019 16:00:00,217.1
6/12/2019 16:00:00,209.26
6/13/2019 16:00:00,213.91
6/14/2019 16:00:00,214.92
6/17/2019 16:00:00,225.03
6/18/2019 16:00:00,224.74
6/19/2019 16:00:00,226.43
6/20/2019 16:00:00,219.62
6/21/2019 16:00:00,221.86
6/24/2019 16:00:00,223.64
6/25/2019 16:00:00,219.76
6/26/2019 16:00:00,219.27
6/27/2019 16:00:00,222.84
6/28/2019 16:00:00,223.46
7/1/2019 16:00:00,227.17
7/2/2019 16:00:00,224.55
7/3/2019 13:00:00,234.9
7/5/2019 16:00:00,233.1
7/8/2019 16:00:00,230.34
7/9/2019 16:00:00,230.06
7/10/2019 16:00:00,238.92
7/11/2019 16:00:00,238.6
7/12/2019 16:00:00,245.08
7/15/2019 16:00:00,253.5
7/16/2019 16:00:00,252.38
7/17/2019 16:00:00,254.86
7/18/2019 16:00:00,253.54
7/19/2019 16:00:00,258.18
7/22/2019 16:00:00,255.68
7/23/2019 16:00:00,260.17
7/24/2019 16:00:00,264.88
7/25/2019 16:00:00,228.82
7/26/2019 16:00:00,228.04
7/29/2019 16:00:00,235.77
7/30/2019 16:00:00,242.26
7/31/2019 16:00:00,241.61
8/1/2019 16:00:00,233.85
8/2/2019 16:00:00,234.34
8/5/2019 16:00:00,228.32
8/6/2019 16:00:00,230.75
8/7/2019 16:00:00,233.42
8/8/2019 16:00:00,238.3
8/9/2019 16:00:00,235.01
8/12/2019 16:00:00,229.01
8/13/2019 16:00:00,235
8/14/2019 16:00:00,219.62
8/15/2019 16:00:00,215.64
8/16/2019 16:00:00,219.94
8/19/2019 16:00:00,226.83
8/20/2019 16:00:00,225.86
8/21/2019 16:00:00,220.83
8/22/2019 16:00:00,222.15
8/23/2019 16:00:00,211.4
8/26/2019 16:00:00,215
8/27/2019 16:00:00,214.08
8/28/2019 16:00:00,215.59
8/29/2019 16:00:00,221.71
8/30/2019 16:00:00,225.61
9/3/2019 16:00:00,225.01
9/4/2019 16:00:00,220.68
9/5/2019 16:00:00,229.58
9/6/2019 16:00:00,227.45
9/9/2019 16:00:00,231.79
9/10/2019 16:00:00,235.54
9/11/2019 16:00:00,247.1
9/12/2019 16:00:00,245.87
9/13/2019 16:00:00,245.2
9/16/2019 16:00:00,242.81
9/17/2019 16:00:00,244.79
9/18/2019 16:00:00,243.49
9/19/2019 16:00:00,246.6
9/20/2019 16:00:00,240.62
9/23/2019 16:00:00,241.23
9/24/2019 16:00:00,223.21
9/25/2019 16:00:00,228.7
9/26/2019 16:00:00,242.56
9/27/2019 16:00:00,242.13
9/30/2019 16:00:00,240.87
10/1/2019 16:00:00,244.69
10/2/2019 16:00:00,243.13
10/3/2019 16:00:00,233.03
10/4/2019 16:00:00,231.43
10/7/2019 16:00:00,237.72
10/8/2019 16:00:00,240.05
10/9/2019 16:00:00,244.53
10/10/2019 16:00:00,244.74
10/11/2019 16:00:00,247.89
10/14/2019 16:00:00,256.96
10/15/2019 16:00:00,257.89
10/16/2019 16:00:00,259.75
10/17/2019 16:00:00,261.97
10/18/2019 16:00:00,256.95
10/21/2019 16:00:00,253.5
10/22/2019 16:00:00,255.58
10/23/2019 16:00:00,254.68
10/24/2019 16:00:00,299.68
10/25/2019 16:00:00,328.13
10/28/2019 16:00:00,327.71
10/29/2019 16:00:00,316.22
10/30/2019 16:00:00,315.01
10/31/2019 16:00:00,314.92
11/1/2019 16:00:00,313.31
11/4/2019 16:00:00,317.47
11/5/2019 16:00:00,317.22
11/6/2019 16:00:00,326.58
11/7/2019 16:00:00,335.54
11/8/2019 16:00:00,337.14
11/11/2019 16:00:00,345.09
11/12/2019 16:00:00,349.93
11/13/2019 16:00:00,346.11
11/14/2019 16:00:00,349.35
11/15/2019 16:00:00,352.17
11/18/2019 16:00:00,349.99
11/19/2019 16:00:00,359.52
11/20/2019 16:00:00,352.22
11/21/2019 16:00:00,354.83
11/22/2019 16:00:00,333.04
11/25/2019 16:00:00,336.34
11/26/2019 16:00:00,328.92
11/27/2019 16:00:00,331.29
11/29/2019 13:00:00,329.94
12/2/2019 16:00:00,334.87
12/3/2019 16:00:00,336.2
12/4/2019 16:00:00,333.03
12/5/2019 16:00:00,330.37
12/6/2019 16:00:00,335.89
12/9/2019 16:00:00,339.53
12/10/2019 16:00:00,348.84
12/11/2019 16:00:00,352.7
12/12/2019 16:00:00,359.68
12/13/2019 16:00:00,358.39
12/16/2019 16:00:00,381.5
12/17/2019 16:00:00,378.99
12/18/2019 16:00:00,393.15
12/19/2019 16:00:00,404.04
12/20/2019 16:00:00,405.59
12/23/2019 16:00:00,419.22
12/24/2019 13:00:00,425.25
12/26/2019 16:00:00,430.94
12/27/2019 16:00:00,430.38
12/30/2019 16:00:00,414.7
12/31/2019 16:00:00,418.33
1/2/2020 16:00:00,430.26
1/3/2020 16:00:00,443.01
1/6/2020 16:00:00,451.54
1/7/2020 16:00:00,469.06
1/8/2020 16:00:00,492.14
1/9/2020 16:00:00,481.34
1/10/2020 16:00:00,478.15
1/13/2020 16:00:00,524.86
1/14/2020 16:00:00,537.92
1/15/2020 16:00:00,518.5
1/16/2020 16:00:00,513.49
1/17/2020 16:00:00,510.5
1/21/2020 16:00:00,547.2
1/22/2020 16:00:00,569.56
1/23/2020 16:00:00,572.2
1/24/2020 16:00:00,564.82
1/27/2020 16:00:00,558.02
1/28/2020 16:00:00,566.9
1/29/2020 16:00:00,580.99
1/30/2020 16:00:00,640.81
1/31/2020 16:00:00,650.57
2/3/2020 16:00:00,780
2/4/2020 16:00:00,887.06
2/5/2020 16:00:00,734.7
2/6/2020 16:00:00,748.96
2/7/2020 16:00:00,748.07
2/10/2020 16:00:00,771.28
2/11/2020 16:00:00,774.38
2/12/2020 16:00:00,767.29
2/13/2020 16:00:00,804
2/14/2020 16:00:00,800.03
2/18/2020 16:00:00,858.4
2/19/2020 16:00:00,917.42
2/20/2020 16:00:00,899.41
2/21/2020 16:00:00,901
2/24/2020 16:00:00,833.79
2/25/2020 16:00:00,799.91
2/26/2020 16:00:00,778.8
2/27/2020 16:00:00,679
2/28/2020 16:00:00,667.99
3/2/2020 16:00:00,743.62
3/3/2020 16:00:00,745.51
3/4/2020 16:00:00,749.5
3/5/2020 16:00:00,724.54
3/6/2020 16:00:00,703.48
3/9/2020 16:00:00,608
3/10/2020 16:00:00,645.33
3/11/2020 16:00:00,634.23
3/12/2020 16:00:00,560.55
3/13/2020 16:00:00,546.62
3/16/2020 16:00:00,445.07
3/17/2020 16:00:00,430.2
3/18/2020 16:00:00,361.22
3/19/2020 16:00:00,427.64
3/20/2020 16:00:00,427.53
3/23/2020 16:00:00,434.29
3/24/2020 16:00:00,505
3/25/2020 16:00:00,539.25
3/26/2020 16:00:00,528.16
3/27/2020 16:00:00,514.36
3/30/2020 16:00:00,502.13
3/31/2020 16:00:00,524
4/1/2020 16:00:00,481.56
4/2/2020 16:00:00,454.47
4/3/2020 16:00:00,480.01
4/6/2020 16:00:00,516.24
4/7/2020 16:00:00,545.45
4/8/2020 16:00:00,548.84
4/9/2020 16:00:00,573
4/13/2020 16:00:00,650.95
4/14/2020 16:00:00,709.89
4/15/2020 16:00:00,729.83
4/16/2020 16:00:00,745.21
4/17/2020 16:00:00,753.89
4/20/2020 16:00:00,746.36
4/21/2020 16:00:00,686.72
4/22/2020 16:00:00,732.11
4/23/2020 16:00:00,705.63
4/24/2020 16:00:00,725.15
4/27/2020 16:00:00,798.75
4/28/2020 16:00:00,769.12
4/29/2020 16:00:00,800.51
4/30/2020 16:00:00,781.88
5/1/2020 16:00:00,701.32